channel_title,videos,median_views,total_views
VikatanTV,208,665398.0,151026885
SAB TV,206,276507.0,80287318
ETV Plus India,206,320455.5,95562261
etvteluguindia,205,209475.0,89450329
Study IQ education,202,52044.5,11422244
Flowers Comedy,202,592998.5,134339392
Tarang TV,199,85591.0,20019000
SET India,199,649790.0,191136460
Mazhavil Manorama,196,255161.0,62898862
RadaanMedia,193,372399.0,77389574
V6 News Telugu,190,324068.5,76843374
Technical Guruji,189,351347.0,96689802
T-Series,188,8729197.0,1748057724
ETV Jabardasth,185,1442566.0,273944476
mallemalatv,184,744726.5,165733143
Vijay Television,183,406231.0,87922815
Saregama TVShows,178,152561.5,26405730
zeetvtelugu,176,150231.0,30900498
Colors TV,173,170460.0,49758284
zeetv,169,427439.0,84111243
SunTV Tamil,168,318995.0,54630303
zeemarathi,165,96860.0,21860296
Speed Records,164,2937054.5,648890913
Sony PAL,162,247755.5,49709193
Black Sheep,160,188977.5,35068956
5-Minute Crafts,158,1727776.5,337967873
Adda247 :Official Channel of BankersAdda & SSCAdda,157,28113.0,5576534
T-Series Apna Punjab,149,1318312.0,257699140
TV9 Telugu,147,258054.0,59847851
Aditya Music,147,781651.0,169663880
FilterCopy,145,803251.0,155475480
THIRU TV,143,183534.0,27783860
The Screen Patti,137,834445.0,130684696
TeluguOne,135,126119.0,21212580
ETV Andhra Pradesh,135,91168.0,12776314
Asianet,132,152241.5,26780882
Dhaval Domadiya,130,422434.0,58191996
Polimer News,126,165081.0,28285323
Zee Music Company,124,4025549.0,556309816
And TV,123,105377.0,17158644
Be YouNick,121,1202060.0,146059153
The Timeliners,121,838021.0,121272496
Aaj Tak,121,238049.0,53410391
only ias,120,26861.5,3227168
Kabaddi365.com,118,177608.5,22813968
Amit Bhadana,118,7068751.5,855533181
Zee Yuva,111,57880.0,6992975
White Hill Music,110,1959417.0,275175955
First Show,108,111274.0,25340669
Think Music India,107,630392.0,95169683
jaby koay,107,103700.0,14531567
Lahari Music | T-Series,107,1677266.0,257351940
WWE,107,1378629.0,243642935
Mahendra Guru : Online Videos For Govt. Exams,106,33505.0,4431595
LShokeen Films,106,1446553.0,149862835
BehindwoodsTV,105,170376.0,27442102
Flowers TV,104,168291.5,21233297
Madras Central,103,234198.0,38379999
Goldmines Telefilms,103,4344447.0,592596907
zeebangla,101,221876.0,23467909
Aashqeen,101,656359.0,76192155
Geet MP3,100,1699860.5,297362304
zeetamil,100,232959.0,28683041
zeekannada,100,45788.0,6423299
Connecting,99,171964.0,27269694
MostlySane,98,646039.5,69482393
NIROM मराठी,98,82550.0,10127300
RealSHIT,97,1119092.0,107962973
Vikram Aditya,96,143766.0,14685748
Murari Ki Kocktail,96,298608.0,30019507
NTV Telugu,95,191713.0,29535639
Sony Music India,95,1449239.0,370124983
Thanthi TV,94,195190.5,22937581
OmFut,93,336807.0,37485145
Rishhsome,92,653668.0,59283435
ABN Telugu,92,331008.0,42948991
The Wire,91,138539.0,13152339
Ditto TV,90,153071.0,19318633
The Late Show with Stephen Colbert,90,1186072.0,117165475
Tollywood Nagar,88,268587.5,33156542
Hasley India,88,694063.0,58581156
Shri Devkinandan Thakur Ji,88,36972.0,3772402
Girliyapa,88,632911.5,69670891
YOYO TV Channel,87,285030.0,31102074
ABP Majha,86,193774.0,26873311
Lokdhun Punjabi,85,1580189.0,179129142
SumanTV,83,118581.0,16305315
Mahathalli,83,300749.0,27213358
Brijnaari Sumi,83,84398.0,9597239
YRF,82,3004901.0,549492884
ashish chanchlani vines,82,4611371.5,382825238
Elvish yadav,82,1118539.0,99735465
ZEE 24 TAAS,81,194985.0,21892990
PewDiePie,81,3410406.0,315130354
Dr. Vivek Bindra: Motivational Speaker,81,281457.0,25795817
Puthiya Thalaimurai TV,81,164442.0,19152825
DAHIYA FILMS,80,664395.0,50186264
IndiaTV,79,284103.0,43842483
Sonotek Bhakti,79,97486.0,13096709
Telugu Filmnagar,79,264353.0,31446734
Bhavani HD Movies,78,405632.5,44666031
Tamil Talkies,78,324764.0,35929766
Humble Music,77,1580310.0,231837175
IndiaGlitz Tamil Movies | Interviews | Shooting Spot | Review | Gossip,74,210974.5,18117062
TV9 NOW,74,276767.0,24395745
Troom Troom,73,1948296.0,189779124
Irahul Vohra,73,66059.0,7401341
Natural HealthCare,70,124184.0,13290700
Smile Settai,70,129066.5,10578220
Harsh Beniwal,70,2924296.5,203177334
chandanavana,70,107629.0,9105979
TV9 Today,69,269893.0,24722075
Gemini TV,69,110298.0,7829597
iDream Telugu Movies,68,158090.5,15963132
Sharmaji Technical,68,133596.0,11330160
Nisha Madhulika,68,126786.0,10376185
Geekyranjit,68,224822.0,17691113
TV9 Entertainment,68,256794.5,28835090
Mana Telugu,68,54702.5,5667402
Manorama News,67,222419.0,17495004
YOYO Cine Talkies,67,185516.0,21430697
Garam Chai,67,317997.0,31866654
BiscootTV,67,802859.0,81848364
Girl Formula,67,208967.0,16886227
Friday Poster,66,251512.0,27997500
ABP NEWS HINDI,66,379870.0,30627387
Voice of Dissent,66,180079.0,17357632
The Voice India Kids,66,176164.0,15078008
VisionTimeTamil,66,81064.0,7789666
Wave Music,65,1212827.0,147198504
AstroMitram,65,65239.0,8429761
All India Bakchod,64,909132.0,63739959
ABP NEWS,64,337467.5,35859689
Angry Prash,64,529341.0,42126386
Warangal Diaries,64,101423.0,7459530
TV9 Trending,64,228353.0,32266319
Oneindia Tamil | ஒன்இந்தியா தமிழ்,64,153901.5,18497717
The Viral Fever,63,1159319.0,72493822
News 18 Tamilnadu,63,246049.0,21269557
Emm Pee,63,55879.0,4181203
TV1,62,101636.0,12409603
NewsQube,62,296223.0,21350941
NewsGlitz - Next Generation Tamil News Channel,61,177953.0,13597467
My Village Show,61,350799.0,25605663
Hyderabad Diaries,61,105042.0,7107395
Viralbollywood,61,330966.0,28930203
Mana Stars,61,406208.0,34589387
Kanak News,61,111840.0,11306498
hmtv News,60,269908.5,25230962
TroubleSeekerTeam,60,324217.0,21361397
FilmiBeat,59,145896.0,25823138
Marques Brownlee,59,1062676.0,68041149
T-Series Bhakti Sagar,59,178789.0,20210650
Mahaa News,59,362136.0,41412189
Star Maa,59,240609.0,23614398
Vision Time Tamil,58,245235.0,14655299
Shitty Ideas Trending,58,285669.0,16285583
GOODWILL ENTERTAINMENTS,58,400341.0,27878685
Jump Cuts,58,740868.5,41851013
GOLAZO TV,57,2005172.0,123602994
Harshdeep Ahuja,57,347936.0,20085964
Filmylooks,56,330609.5,27254945
NMF News,56,252728.0,48579394
WiFiStudy,56,45873.0,4350895
SahibNoor Singh,56,259523.5,15523308
Mythri Movie Makers,56,2709397.0,225557791
Mor Haryanvi,55,247538.0,14648259
Zee Tamil,55,388741.0,22456353
Sonotek,55,279418.0,20034341
Moviebuff Tamil,54,394738.0,41831486
The Baigan Vines Official,54,110738.5,6956066
SeeKen,53,114105.0,7654706
Crazy 4 Bollywood,53,330575.0,72177421
Marvel Entertainment,53,8641831.0,1058174340
Ajendra Creations,52,231059.0,27171497
Saas Bahu Aur Betiyaan,52,110446.0,10599681
BB Ki Vines,52,7619674.5,373407504
East India Comedy,52,266362.0,17694034
TheEllenShow,52,1567908.5,128213150
Love Rudrakash,52,130266.5,7654007
Oneindia Hindi | वनइंडिया हिन्दी,52,222932.5,20450612
Dil Raju,51,2655637.0,143119203
Ondraga Entertainment,51,228745.0,33068199
Wave Music - Bhojpuri Movies,51,688838.0,44723154
9Roses Media,51,235650.0,20441635
Manoranjan Marathi,50,116884.5,6908827
LaLiga Santander,50,631587.0,41132256
Sham Idrees,50,324896.0,17299790
Malayali Live,49,260980.0,16574601
TV5 News,49,191731.0,20074287
ETV Dhee,49,3600291.0,166791720
Sarthak Music,49,356394.0,22343224
Dude Perfect,49,11150609.0,527111130
TellyMasala,49,245461.0,18090385
asianetnews,49,162038.0,9306032
Movie Talkies,49,626045.0,39286500
News7 Tamil,48,132872.0,9694398
So Effin Cray,48,459907.0,30240930
Zee News,48,173866.0,13958408
Jass Records,48,583043.0,82047012
The Lallantop,47,250516.0,80282358
TsMadaan,47,52613.0,5234279
Malayalam News Time,46,236158.0,15212652
Fully Filmy,46,110703.5,4908513
भक्ति,46,121552.5,7728483
CarryMinati,46,2245003.0,99225643
Mango Music,45,524467.0,24309577
Nakkheeran TV,45,127187.0,8616616
Manorama Music Songs,45,396946.0,18224967
Chai Bisket,45,220291.0,9806707
SVF,45,340735.0,14979351
Khajur Bhai Ni Moj,44,371655.5,18829837
Prime Minister Narender Modi,44,389274.0,31533626
Sonotek Haryanvi,44,725884.0,40533032
Vikatan TV,44,125219.0,7023611
STAR Plus,44,141779.0,21913044
Filmy Focus,44,438134.0,31741934
Nazar Battu Productions,44,373240.5,21729955
FoxStarHindi,44,27845047.5,982953616
Zakir Khan,44,1064481.0,51738295
Dude Seriously,44,89153.5,3858909
The Daily Show with Trevor Noah,44,1007540.5,48808354
Shudh Desi Endings,43,338024.0,23962999
Dreamz Unlimited,43,56313.0,2715628
RDC Gujarati,43,252523.0,13451972
Eagle Media Works,43,97791.0,5514980
Sakshi TV,43,282069.0,13359697
DVV Entertainments,43,911802.0,123343004
Jordindian,42,591989.0,27843429
VehliJantaRecords,42,1111165.5,51322981
Total Tollywood,42,427562.0,18442963
Anand Audio,42,202313.5,10672175
Pyara Hindustan,42,203578.0,18704303
Muzik247,41,499002.0,116147843
Unacademy,41,35597.0,1977312
tamilcinemareview,41,228665.0,14729994
Galatta Tamil | கலாட்டா தமிழ்,41,158732.0,8433466
satyamvideos,41,279678.0,16696303
Around Telugu,41,297745.0,16054025
Entertainment Circle,41,189900.0,12368423
TV9 Live,41,89916.0,4293956
Filmy Poster,41,159363.0,10434628
1 Kg Biriyani,41,98438.0,5957184
FLAME MEDIA,40,416361.5,23267432
Vanitha Tv,40,249746.5,11730845
5nMedia,40,245949.5,12597706
Gossip Adda,40,106743.5,5596761
Top Telugu Media,40,140611.0,8050168
Power Vision,40,322387.0,17863823
Radio Mirchi Tamil,40,351660.0,15628823
Abish Mathew,39,487470.0,21965276
Pyaar Lafzon Mein Kahan,39,1504405.0,53878872
Kaumudy,39,144288.0,6884149
Rose Telugu Movies,39,210850.0,19259549
YOYO TV Kannada,39,102707.0,6005401
Sandalwood Studios,39,107781.0,7411028
FactTechz,39,281345.0,11697557
Wunderbar Studios,38,2795321.0,210813074
TFPC,38,217052.0,10032989
Pagal Gujju,38,304288.0,12446344
Viu India,38,140466.0,31028995
Mana Health And More,38,125654.0,13543430
VIVA,38,672503.0,30137451
National Dastak,38,116783.5,5911919
New Bharathi Studio,38,227557.0,12081218
News 24,37,53267.0,4015740
a2z Media,37,149129.0,6454075
Red Pix 24x7,37,151467.0,5685185
Kollywood Talk,37,254073.0,13514991
Bollywood Spy,36,140616.0,9987638
MarkAngelComedy,36,430060.0,16373062
Annapurna Studios,36,1345450.0,68293118
Public TV | ಪಬ್ಲಿಕ್ ಟಿವಿ,36,148308.5,6002988
Studio Saraswati Official,36,352407.0,22021124
Film Companion,36,116727.5,8845093
Fresh Media Records,36,1803253.0,69249239
Tamil Trending,36,338067.0,13367389
Calvary Temple Hyderabad,36,12704.5,519060
Suvarna News | ಸುವರ್ಣ ನ್ಯೂಸ್,36,165784.0,5830953
Daily Diary News,36,220650.5,12106187
Studio Sangeeta,36,231611.5,10199037
muluguastro,36,43415.0,3506632
BRIGHT SIDE,35,407137.0,19767030
RDC Rajasthani,35,306577.0,34230123
ScoopWhoop,35,80726.0,10299657
10 DEGREE INDIAN FACTS,35,207049.0,13940063
Tips Official,34,8786318.0,299296928
Volga Video,34,384003.0,16082072
Univrsal Media Pro,34,224774.0,16974765
VIRAL IN  INDIA,34,542439.5,22130898
Sports Edge,34,425689.0,31881194
Filmistaan,34,779225.0,34597003
TamilCrowd,34,130877.5,6911279
Tv9 Kannada,34,113305.5,4656163
Daily Post Punjabi,34,106009.0,3828595
FILM COURT,34,123233.5,9178308
Wetalkiess,33,285493.0,11243381
Selfie Review,33,62840.0,2382869
Friday Film House,33,401495.0,22713628
Jimmy Kimmel Live,33,1790574.0,94410345
Yuvan Shankar Raja,33,554324.0,22452366
Thirty Seconds News,33,580010.0,20904353
Pradeep Machiraju,33,375620.0,14118108
Baap Of Bakchod,33,181195.0,11916577
Jayas Kumar,33,392768.0,14270056
Eruma Saani,32,950887.5,30031173
The Times of India,32,516759.5,31896395
Funk You,32,266756.5,9236745
ActorVarunPruthi,32,341866.0,14142824
Tarang Cine Productions,32,346172.5,18725817
Colors Kannada,32,63805.0,2178394
NDTV,32,302711.5,19715884
Dice Media,32,1287558.0,41174009
CaseyNeistat,31,1754643.0,58468982
Tamil,31,383433.0,15549357
Rhythm Boyz,31,759270.0,48719628
Kiraak Hyderabadiz,31,91856.0,3206815
Kandathum Kettathum,31,142319.0,5636478
Kollywood,31,300966.0,10486921
filmmatter,31,232223.0,7545182
Cinema Vikatan,31,252913.0,20983105
Mathrubhumi News,31,113830.0,4100590
Goldmines Premiere,31,1204556.0,38581517
HJ NEWS,31,1417306.0,47065366
Telugu World visite,30,204043.0,9507157
20th Century Fox,30,10163294.0,331073966
Juke Dock,30,453037.5,24592856
Warner Bros. Pictures,30,8933707.5,264047292
We support you,30,240529.5,15305141
2 Minutes News,30,290765.5,16200073
Headlines India,30,386004.5,20836892
Universal Pictures,30,10542071.0,398364239
Mirchi Bangla,30,48662.0,1601035
Stars and News,30,219041.5,6859398
Dekho Dekho,30,153818.5,7973391
SANDALWOOD REVIEWS,30,67395.0,2815135
BookMyTV,30,169945.0,10645500
Golden Era Education,30,69460.5,2026203
Mr.Venkat,29,270570.0,10084929
Freeticket,29,495942.0,14641612
Netflix,29,2428229.0,69640933
Tamil Speedy,29,225894.0,7878612
Sandeep Maheshwari,29,546675.0,19912440
The Quint,29,244733.0,7672660
PlayEven,29,51529.0,1723526
agn,29,75374.0,2556254
Desi Music Factory,28,4725683.0,160849359
SoSorry,28,702683.0,25262103
Namma Karunadu ನಮ್ಮ ಕರುನಾಡು,28,67443.5,1957204
Malayalam Muzik247,28,164879.5,4632433
SonyMusicSouthVEVO,28,1124379.5,33482612
ABP ANANDA,28,121844.0,6150428
Haarika & Hassine Creations,28,2032548.0,100460872
Marathi Tadka,28,183631.0,9891144
Tollywood Central,28,224215.5,6864051
nigahiga,27,2509626.0,73517445
Rajshri Marathi ShowBuz,27,93197.0,2779048
SnG Comedy,27,52056.0,1840935
LastWeekTonight,27,3063915.0,87156104
Sony Pictures Entertainment,27,14528223.0,587519233
Viacom18 Motion Pictures,27,1756355.0,71823376
Trend Music,27,405465.0,11538721
Zee Marathi,27,261819.0,8898347
Oneindia Malayalam | വണ്‍ഇന്ത്യ മലയാളം,27,132156.0,4046344
News Tak,27,445960.0,17820666
News Mantra,27,303092.0,11645473
inKhabar,27,237997.0,7139923
Manchu Mon,26,121515.0,4778174
Btv Kannada Ɩ ಬಿಟಿವಿ ಕನ್ನಡ,26,121892.5,3350019
AK Entertainments,26,930843.5,26365900
Put Chutney,26,79172.5,2625972
Chandragiri Subbu,26,37652.5,1142225
Telugu Dheera,26,186873.0,6392553
Rickshawali,26,333400.5,9377028
ETV Telangana,26,139793.0,4614742
The HunGama Films - Ab Mauj Legi Dilli,26,799169.5,24153997
Bollywood Now,26,296535.5,16639121
Rajya Sabha TV,26,122833.5,4985488
Bharatiya Digital Party,26,111763.5,3381983
The Tonight Show Starring Jimmy Fallon,26,1522942.5,43558293
Pehchan Music,26,230876.0,12271227
Trending Visuals,26,81092.5,2525185
Sathiyam News,26,175195.0,5508969
Late Night with Seth Meyers,25,1261475.0,29699679
Silver Screen,25,235927.0,6614521
IndiaGlitz Telugu Movies | Reviews | Gossips l Hot News,25,252214.0,7664518
ABC Malayalam,25,120319.0,3161590
Namma Kannada TV,25,77215.0,3016224
Top Telugu TV,25,256199.0,11729773
LosPro,25,354149.0,9120460
The Bong Guy,25,189977.0,5314753
BTNews Hindi,25,619447.0,12715008
Today Popular Videos,25,299283.0,12856797
Gaurav Chaudhary,25,585010.0,20703708
UNIVERSE T.V.,25,158492.0,5690777
Cinemakkaryam,25,179729.0,6441195
Entertainment Ka Overdose,25,162187.0,4874387
Pyara Uttarakhand,25,200859.0,7953491
Yellow Music,25,505327.0,12960104
SumanTv Entertainment,25,305150.0,8315795
TAMIL MEDIA,25,278991.0,9400325
Screen Junkies,24,1680875.0,45999348
Britain's Got Talent,24,1688950.5,55230995
ChainsmokersVEVO,24,3397401.5,100627338
NewsMax,24,131975.5,5105359
Wirally,24,60832.0,1738568
bindass,24,121181.5,4105584
Zee TV,24,566179.0,14657719
Tammareddy Bharadwaj,24,120347.5,3771232
OTV,24,107712.0,2747263
Cine Heart TAMIL,24,187540.0,4659460
Blockbuster Movies,24,951229.5,23931030
TV Promos,24,262656.0,6245663
Gup Chup Masthi,23,295740.0,8204807
जय माँ वैष्णो देवी,23,59592.0,2892465
Clash of Clans,23,1935519.0,55599003
Ram Audio,23,229738.0,5929901
Shemaroo Gujarati,23,137175.0,4459703
local telugu,23,51098.0,1255708
Fully,23,414552.0,12759855
10TVNewsChannel,23,164415.0,7913040
SagaHits,23,1021413.0,44364668
BuzzFeedVideo,23,2663188.0,71044367
M4 Tech,23,117741.0,3837230
Kori Pati Productions,22,188825.0,4807589
Himalayan News,22,118726.5,5016072
Tollywood Life,22,185197.5,6093839
TV Punjab,22,148235.0,5727486
Dharma Productions,22,3950887.5,186746237
Manpreet Toor,22,225767.0,10068827
Tamil News,22,197108.5,7225536
shehbaaz Khan,22,123946.0,3299012
SidTalk,22,274134.0,8033841
Paramount Pictures,22,12625042.5,261179619
BeingIndian,22,77719.5,3408850
Only News 24x7,22,162368.5,7549649
Half Engineer,21,632326.0,13397362
Pen Movies,21,1273673.0,37381923
News18 India,21,166410.0,7297373
Filmy byte,21,99243.0,6544848
VS RECORDS,21,238152.0,7692571
East Coast,21,760906.0,17793444
MovieChannel Malayalam,21,291130.0,9129408
Mictv In,21,463088.0,16441561
AK news,21,333349.0,9418897
Zee Music South,21,773517.0,36740321
BollywoodHungama.com,21,93381.0,2457168
Disney•Pixar,21,14478580.0,309791867
Wrestling Time,21,308457.0,6702435
Dino James,21,630523.0,16091881
Sri Venkateswara Cine Chitra,21,961400.0,35849426
Rathore Cassettes,21,478674.0,25981659
FLASH NEWS,21,58689.0,1919060
Youth Central  Tamil,21,328613.0,9925526
Tamil The Hindu,20,516465.0,11123123
Shruti TV,20,134160.5,3091743
Saga Music,20,403656.0,19756057
Gopi Sundar Music Company,20,332117.5,6639066
SOUTH FDFS,20,208085.5,6988873
Ayurved Tips in Hindi,20,764049.5,14789834
Movie Mela,20,479992.5,9629902
Haryanvi Maina,20,1079119.5,38328179
Arre,20,923082.5,16813856
PTV,20,174724.0,6606949
CVR Telugu News,20,600859.5,12630679
The Baigan Vines Extras,20,65675.0,1404712
RKD Digital,20,2745840.0,101601177
Next Gen,19,164227.0,3707526
Suda Suda,19,104977.0,2451894
PMV - NEWS,19,739275.0,23706048
Eros Now,19,2076438.0,41992325
King Of Gujarat,19,147908.0,3112022
Khesari Music World,19,1290659.0,24162488
Lakshmi Narasimha Productions,19,1214628.0,35162072
Cinema Politics,19,105546.0,2462113
Reliance Entertainment,19,7667521.0,115383592
Nettv4u,19,245824.0,4425412
News Express,19,85203.0,2292140
Easy Home Tips,19,361879.0,16346447
UV Creations,19,1595253.0,56881202
Sony Pictures India,19,9787214.0,238535953
Sahithi Media,19,472085.0,10097311
Pop Diaries,19,391714.0,26001370
Mirchi Guru,19,75513.0,1467166
Tv9 Marathi,19,67206.0,1773220
Filmy Monk,19,411799.0,9796457
SRK MUSIC,18,1827967.0,45503531
S Cube - Hungama,18,132215.0,2919563
VANITHA,18,280051.0,6832462
TV1 Telugu,18,222520.5,15391325
Breakfast With Champions,18,454180.0,24169262
PTC PUNJABI GOLD,18,130176.5,7096229
Hindustan Times,18,376470.0,22053081
TheViralFeverVideos,18,856415.5,16152632
Infinite view,18,161987.5,6670568
AP24x7,18,241497.5,5129573
Millennium Audios,18,379619.0,13832725
"A to Z cricket,political & cinema",18,118382.0,2573673
Mic Tv,18,848308.5,19754372
Sheorans,18,171835.5,3234434
YuppTV Originals,17,413276.0,7800690
Saas Bahu aur Saazish,17,575504.0,8515289
Telugu Popular TV,17,157553.0,3850148
Chennai Channel,17,150483.0,2941984
Autocar India,17,215757.0,5715558
Top Kannada TV,17,131725.0,2735180
Nakkalites,17,192551.0,3262232
News Cabin,17,231092.0,6509222
Sadhguru,17,54494.0,5883420
Fox Star India,17,6654881.0,99599472
Paayasam webtv,17,242898.0,6700692
Clash Royale,17,6142430.0,117522022
Krazy Khanna,17,88042.0,1673229
Adya Media,17,137153.0,2157865
Ankur Narula Ministries,17,18664.0,358799
Dinamalar,17,452348.0,8124227
Sunnews Live,17,85208.0,2923873
Kichdy,17,72670.0,1615489
Vidya Vox,17,566373.0,17388574
Filmy Chutney,17,327697.0,8179193
Zee Bangla,17,168737.0,3107497
Zee Studios,17,2146786.0,37015609
Lets Make Engineering Simple,17,59907.0,3499077
Slayy Point,17,362271.0,6410587
Tv Actor's Real,17,849295.0,17875520
Ed Sheeran,17,14815407.0,257307762
RGV,16,738285.5,12600562
R NEWS,16,67751.5,1252166
I Love Cricket,16,851684.0,19776930
Rajshri Marathi,16,161821.5,4853419
Telugu Full Screen,16,187523.5,6699133
CGL APTITUDE PATHSHALA,16,41084.5,604861
Entertainment Journalist,16,151048.5,3721536
India News Viral,16,104802.5,5966275
Deivamagal Today,16,90186.5,1654680
chavat,16,279161.0,4056680
study for civil services,16,51740.0,945019
2Day 2Morrow,16,144644.0,2241804
Unbox Therapy,16,1579888.0,29911653
Grassroot Entertainment,16,902375.0,14148143
DBeatsMusicWorld,16,160042.0,3361265
Film Jalsa,16,247636.5,5021853
Round2hell,16,2330297.0,37733170
Top News - Tamil,16,51978.0,1403383
Health Tips for You,16,376981.5,7992689
Headlines Sports,16,330704.0,5119862
Shruti Arjun Anand,16,143403.0,3540729
Movieclips Trailers,16,614396.0,16049527
Sanam,16,681766.0,15042839
Scene Contra,16,233526.0,5498333
PANWARx,16,946878.0,51470762
Kenny Sebastian,16,246031.5,9147917
Mr. Reporter,16,1038032.5,27183053
Art Attack Records,16,912043.0,11663024
Akki & Ankit,15,168499.0,2781835
DESI TADKA,15,176988.0,3388258
Abhijith Vlogger,15,132334.0,2062666
Kollywood Tamil News,15,146660.0,2632263
വിശ്വാസം അതല്ലേ എല്ലാം,15,271362.0,7123523
AIB Doosra,15,526793.0,8464460
citizen journalist,15,65010.0,1271065
Take One Media,15,123226.0,1945875
Game Killerz Records,15,674824.0,11918353
Punjabi Live Tv,15,172776.0,2946298
MediaoneTV Live,15,98687.0,1380481
JUST FOR U,15,113909.0,1792458
NH 24,15,629019.0,11131551
Telugu Poster,15,199632.0,8847606
Gujarati Media News,15,135889.0,3491980
MrMatador,15,1491081.0,22171628
Lehren Small Screen,15,290086.0,5533969
Awanish Singh,15,605946.0,8906742
Oneindia Kannada | ಒನ್ಇಂಡಿಯಾ ಕನ್ನಡ,15,55446.0,1159576
News Nation,15,183132.0,2947830
HSB News,15,108853.0,1705068
Tez,15,261988.0,5689070
REPORTER LIVE,15,92089.0,12692539
DD News,15,57177.0,1887262
I News,15,108728.0,5321280
ZaynVEVO,14,12430457.0,177518510
Times Music,14,728141.0,12024307
Vekkada Vedi,14,108350.0,1780664
Namma KFI,14,95316.0,1548403
Shreya Jain,14,41554.5,586934
DREAMS N BEYOND,14,130957.5,2301208
Allu Arjun,14,6559824.5,90321701
Film Mantra,14,137947.5,3505407
Mathrubhumi,14,249991.5,3112603
Talk Shows Central,14,1007829.5,13499971
AllCineGallery - Tamil,14,140425.5,2231611
divomovies,14,392972.5,5984403
Studio Green,14,556481.5,6963844
E- Spot Light,14,284809.0,4578571
TAMIL TECH - தமிழ் டெக்,14,96244.0,1658460
Worldwide Records Bhojpuri,14,762493.5,14623082
News18 Kerala,14,162583.0,2028841
PBH News,14,84262.0,1649902
KalakkalcinemaVideos,14,241443.5,3045124
VTube Telugu,14,179067.0,3558257
Voice of Heart Music,14,713702.0,11319210
Crown Records,14,689500.0,10349125
AD-WISE MEDIA ACTION MOVIEPLEX,14,1868512.0,28144328
ABP Sanjha,13,129716.0,2064979
Shemaroo,13,1045167.0,14616675
Entertainment Era,13,150054.0,1926371
Enterr10 Music Bhojpuri,13,956870.0,28182924
Raghav Digital,13,2584464.0,33688831
Next9news भोजपुरिया,13,440224.0,7944971
Shanmukh Jaswanth,13,316254.0,4970153
ONE Media,13,1282868.0,21061411
TaylorSwiftVEVO,13,29923522.0,371053358
Media Masters,13,178673.0,2583564
Magical Nuskhe,13,58151.0,760058
Video121,13,98579.0,1370431
Trimurti,13,155797.0,3319542
Leinster Productions,13,726234.0,8604850
Zee Kannada,13,20937.0,322238
Full Meals,13,314540.0,5993305
The RawKnee Show,13,57653.0,948553
The Punjab TV,13,105543.0,1669862
Random Chikibum,13,470547.0,5720889
Sindhionism,13,22014.0,339323
Salman Khan Films,13,2782697.0,121769099
Mumbiker Nikhil,13,364616.0,6217184
Gnews,13,738714.0,10048151
Lehren TV,13,179092.0,2415481
DoordarshanNational,12,1207950.0,18215748
Kollywoodcentral,12,610798.0,6016901
RAJ NEWS Telugu,12,111924.5,1345493
ColorsTV Promos,12,602195.0,9839965
Rakesh Yadav Readers Publication,12,56652.0,731949
Radio City India,12,682049.0,8800274
Rahasya,12,193600.5,3858788
The Late Late Show with James Corden,12,5815495.5,67631394
Babbu Maan,12,597122.5,8311152
INFINIQUE MEDIA JUNCTION,12,163467.0,2665407
Venus Regional,12,678681.5,9372367
Reporter Jorina & Joe,12,555102.0,7345934
Tollywood Nine,12,100011.5,2177896
Crazy Tollywood,12,123410.0,3318578
Mr.VenkatTV,12,318207.5,5193175
NugoBasilaiaa,12,2473913.5,32246651
Rozana Spokesman,12,98390.0,1548869
News Mirror,12,782439.0,10037037
TIMES NOW,12,1028722.0,9115322
Lyca Productions,12,1781325.5,19456860
Ekta Sound,12,486253.0,10191785
HOTNEWS TELUGU,12,412310.5,5160822
Tamil TV,12,70720.0,983030
Malayalienter,12,101731.0,2492389
1 Minutes news,12,116967.0,1901711
ALTBalaji,12,3414801.5,48584658
Puja Shakti,12,123694.0,2938309
zoom,12,74594.0,2910254
Daddy Mohan Records,11,417138.0,4021412
VitaliUS EN,11,529351.0,5590632
White Notes Entertainment,11,1031357.0,9854429
ABP Asmita,11,1145633.0,10622568
24 ghanta,11,37528.0,2326058
Prasadtechintelugu,11,56148.0,588834
Prabhu Darshan,11,75962.0,1128265
Radio Mirchi,11,157353.0,4679607
Newsmarg,11,136443.0,1813318
Hind NEWS™️,11,1215193.0,12570995
ICC,11,3559870.0,35537854
EverythingApplePro,11,781163.0,8733502
TOP 10 STAR,11,363685.0,4435947
Kannada Health & Beauty Tips,11,68386.0,983485
Kannada Health Tips,11,113860.0,1180021
Kamaal R Khan - KRK,11,96063.0,1337781
TV trends,11,87650.0,1512772
LJ Films Official,11,191429.0,2143431
The Verge,11,512326.0,7909327
Tollywood Mirapakai,11,84433.0,1004863
Sri Sri Ravi Shankar,11,13079.0,267744
Madhuban Murli Brahma Kumaris,11,55042.0,463369
Logan Paul Vlogs,11,5436462.0,68058119
LoveSHEET,11,191973.0,2448075
Bollywood Spy Hindi,11,112091.0,2017893
Avni Groups,11,567517.0,10313912
Shreyas Media,11,443889.0,6573241
India Today,11,108755.0,1574414
Gujrati Beats,11,190400.0,1866317
New Waves,11,53006.0,860106
Red Entertainments,11,367431.0,3555549
Oneindia Telugu,11,282131.0,3998619
India Today Social,11,227782.0,5033238
Ayurved Samadhan,10,340408.5,3425795
Sorabh Pant,10,78175.0,709352
Walt Disney Animation Studios,10,8390055.0,79767359
Mithra Creation,10,111416.0,1193512
Mangalam Television,10,175141.5,1925304
Saregama Music,10,2137352.0,19511433
CHIRRAVURI FOUNDATION,10,32742.5,466165
PRK Audio,10,534710.0,6908861
Colors Marathi,10,21032.5,178035
channel punjab,10,54098.0,689590
Chicago Subbarao,10,101790.0,1052974
Veena's Curryworld,10,42052.5,444140
Jigli & Khajur - Official,10,60108.5,900813
Bharat Today,10,204540.0,2318000
iDream News,10,89594.5,1400636
Puri Jagannadh,10,1569428.0,16262456
PuneetSway,10,240009.0,4364745
Niharika Movies,10,135998.0,1635124
Suresh Productions,10,440751.5,5678198
Bindaas Bhojpuriya,10,195374.0,2237270
News18 Bangla,10,138165.5,1669846
Kannada Filmibeat | ಕನ್ನಡ ಫಿಲ್ಮಿಬೀಟ್,10,74087.5,1125459
Kangra Boys,10,114907.5,1217295
Saina Movies,10,255189.0,2815556
Zee Cinemalu,10,882530.5,9895942
TAPOBHOOMI Classes,10,52062.0,955817
Neeraj Arora,10,52962.5,601041
Live Hindustan,10,78422.5,1205290
Filmy junction Kannada,10,130093.0,1438929
Google,10,18145363.5,164549893
Ycinema,9,645365.0,6038944
googledoodles,9,1682462.0,20421014
IndianExpressOnline,9,153705.0,1590479
Gnapika Productions,9,200503.0,4833805
Zee Music Marathi,9,572011.0,5355960
Divine - D tales of india,9,70745.0,1322714
Dream Warrior Pictures,9,179599.0,2538859
News Filmy Hai,9,112241.0,1095270
Cinemapicha,9,139943.0,1325967
Cineulagam,9,127421.0,4171891
Yellow Pixel - Tollywood Updates - News,9,198027.0,1637502
KairaliOnline,9,232773.0,2075180
HEALTH TIPS HINDI,9,402409.0,3783002
Film Report,9,609810.0,5145036
TheWeekndVEVO,9,7831865.0,78378192
BlackTicket Company,9,514890.0,4208784
Wrsh98,9,1240199.0,16920300
TamilCineChips,9,226540.0,2670385
Telugu Mix,9,107007.0,1489378
Telugu Adda,9,168653.0,2047276
TAMIL CINEMA CINI MINI,9,27355.0,306285
Wrestling Phobia,9,1835070.0,13416410
Dev Entertainment Ventures,9,95446.0,986011
EFC A2Z,9,165048.0,1915635
Modi again in 2019,9,122134.0,1298738
Meet Arnold,9,1183659.0,14540931
Vijay Antony,9,1552282.0,12162363
Mo Vlogs,9,662924.0,6858558
Daily Tamil Serial Review,9,41554.0,465355
HUNNY SHARMA,9,596121.0,5723216
Amar Audio,9,182177.0,2787598
People biography,9,140794.0,1486888
Anton Lewise,9,94448.0,972749
Aone Celebrity,9,253506.0,3394364
Arunachal Creations,9,1058922.0,8671943
AVA Creative thoughts,9,128442.0,1448727
CINEMA LOKA,9,89708.0,1537122
Malayalam Movie Central,9,67949.0,948860
MadhurasRecipe Marathi,9,81172.0,740835
Meenu`s Gossip Corner,9,2527596.0,20800454
Star Sports,9,608747.0,7888427
Namma Karnataka Memes,9,61366.0,1095680
Showing Cinema,9,182182.0,2083408
Lokmat News,9,94766.0,1083766
5AABTODAY CHANNEL,8,105674.5,847113
SUNDAY SUSPENSE,8,27196.5,213319
AVRprankTV,8,1470568.5,12738172
Abhinay Maths,8,94759.5,839635
PCMC News Marathi,8,112686.0,821885
Aanmegam,8,40256.5,339974
GOSSIP BAZAAR,8,137783.5,1407844
Paramvah Studios,8,518478.0,4720563
PTC News,8,96907.0,887960
Celebrity News,8,1591461.5,15313602
Malayali Club,8,578749.0,4261072
Guru Randhawa,8,142414.5,4201988
Red Chillies Entertainment,8,11706992.0,85108178
Prime News Overseas,8,104053.0,813147
R TV,8,88457.0,923740
PowerDrift,8,306999.0,2845165
Firstpost,8,259841.0,2886920
How To Learn Astrology in Hindi,8,92933.5,656982
Rajeev Masand,8,136419.0,1257393
Cinema 720,8,335863.5,2453511
Blooup Tv,8,358314.0,3096759
BHAKTHI SONGS | BHAKTI SONGS,8,41128.5,478007
Daily Trending News,8,444200.5,3424891
Kunal Kamra,8,553451.0,5015274
Bhojpuri Gossip,8,458796.5,3717047
T-Series Telugu,8,7391076.0,58033458
SD Entertainment Movies,8,1296650.0,13169719
Quick Reaction Team,8,44713.0,402441
Ray Kitchen,8,216098.5,2490043
Ramaz Music,8,1041073.0,7263056
Team Films Bhojpuri,8,1196469.5,12468709
Green creation,8,133358.5,1015737
Bhojpuri Tube,8,331971.0,3350872
star tamil,7,107852.0,1069874
Amaravathi Media,7,83969.0,933150
Village food factory,7,128674.0,997142
Masti Circle India,7,80969.0,909117
Buddies Entertainment,7,286097.0,2377115
Matru Ki Nautanki,7,459775.0,2807315
Shahrukh K Adnan,7,20508.0,186683
CAPDT,7,37639.0,362141
HUM TV,7,415685.0,3006187
Gavva Media,7,437179.0,3155938
indiontvnews,7,139619.0,1362497
political bench,7,66463.0,543702
America's Got Talent,7,1083976.0,7963292
Anand Audio Kannada Comedy,7,131793.0,945055
Video Memes,7,64256.0,496067
Urban Pendu Music,7,739607.0,4315323
Day TO Day,7,287153.0,1635551
Visakha View,7,397328.0,2217563
The Lazy Studio,7,856872.0,5429802
SAKKATH STUDIO,7,39615.0,241857
SA Records,7,517781.0,4924018
Dhruv Rathee,7,257453.0,2490781
Lehren Bhojpuri,7,1103524.0,7216898
TopTen Malayalam,7,59143.0,495330
AtoZ Gyan,7,403594.0,2927477
Namaste Telugu,7,376750.0,2165010
Beauty Pageants,7,2359156.0,24997957
MovieHunt,7,219240.0,1530022
Top 10,7,102146.0,1129495
MANA TV AMARAVATI,7,31958.0,395664
Brand B,7,2722786.0,17896394
Nee Yaaruda Komali !,7,62714.0,467452
KumarVishwas,7,78106.0,756041
News Now,7,708013.0,5578428
SRT Entertainments,7,1253146.0,7804360
Gusa Gusalu,7,40708.0,420034
Tamil Filmibeat,7,847610.0,4580878
New Smile Entertainment,7,553539.0,3190085
Only Tamil,7,90063.0,790740
YOYO TV Tamil,7,65649.0,445545
Xyz Gyan,7,964296.0,6396443
Bhakthi TV,7,38816.0,339186
IBC24,7,893388.0,7613387
Hindi Khabar,7,143751.0,887875
वास्तु उपाय,7,56180.0,381029
2 Minute News Today,7,169918.0,1363194
5ocial,7,486598.0,3615579
Bansidhar Studio - Official,6,658366.5,4055116
Young Holy Team,6,21224.0,152605
YouTube Spotlight,6,88440518.0,493586083
Y Not Studios,6,5252555.0,29608271
RVCJ Media,6,195491.5,1280503
Rajasthan Patrika,6,1926164.0,11347914
Bollywood Talk,6,475953.5,2939750
Orange Media,6,69265.5,422576
Captain Nick,6,175293.0,988815
WAMIndiaMovies,6,2013688.5,11272786
Royal Challengers Bangalore,6,93334.0,671852
World Best News,6,133541.5,1881241
Purani Dili Talkies,6,175318.0,1187074
Bollywood Aajkal,6,200586.5,1201470
Pink Elephant Pictures,6,700564.5,3692511
Pataragitti - ಪಾತರಗಿತ್ತಿ,6,165482.5,1064777
Newstamil.in,6,96364.0,672948
Nishant Tanwar,6,916767.0,5178877
Ravi Ganjam,6,40939.0,249039
News Talkies,6,106928.0,850607
Sangbad Pratidin,6,256184.0,1443300
Sai Aashirwad,6,25940.5,166922
Disney Movie Trailers,6,2506004.5,16137089
Fazzer,6,422476.5,3007954
Cheeta Superfine Music,6,91107.0,588735
Ur IndianConsumer,6,93034.0,634932
Urban Studios,6,867078.5,4785487
Dasanum Vijayanum,6,101482.5,636250
Cinema News,6,195399.5,1679496
Viral In Marathi,6,190862.0,1228487
CNN-News18,6,96711.5,941027
Old Delhi Films,6,49883.0,312461
NOIX TV,6,221517.0,1742781
STTV Films,6,352127.5,2198113
ETV News Bangla,6,1130323.5,6486766
Telugu Boxoffice TV,6,126291.0,873341
Telugu Cinema,6,277484.5,1838645
Telugu beauty,6,59623.0,337005
Telugu Video Gallery,6,293135.0,2269562
Mahesh Babu,6,477888.0,2526574
Gadgets 360,6,204991.5,1301438
GeekyRanjit In Hindi,6,482839.0,2961064
Malayalam Media,6,155873.5,1130025
Malayali Online,6,234063.5,1544228
The Dance Mafia,6,197334.5,1731085
FilmSelect Trailer,6,17263938.5,92674667
Friday Facts,6,92630.5,550501
Mr Sammy Naz,6,72955.5,426781
Tamil Now,6,430264.0,2516013
Tamil Mithran,6,69633.5,698283
Tamil Cine News,6,54155.0,303489
Khabar Punjab,6,163739.5,1198502
Surya Television,6,18905.0,220836
Kollywood Times,6,69952.0,562180
Superline Music,6,243677.0,1745729
merupu vartha,6,98979.5,751234
Pop Chartbusters,6,213763.0,1706509
Abp Majha,6,50061.5,352919
Akashi Tv,6,2415505.0,12904781
AggBani News,6,163567.5,1053029
Langda Aam,6,70541.0,393910
Tamil Speed Networks,6,99169.0,850320
SpotboyE,6,80364.0,460931
Hero Movies 2017,6,507651.0,3205891
Manorama Online,6,938352.5,5283057
Telugu Tantra,6,593523.0,3099471
Telugu Wonder World,6,247187.0,1470735
shemaroopunjabi,6,419917.0,2964539
crazzy world,6,77570.5,471051
black pasanga,6,72903.5,518867
Kumar Records,6,589649.5,3384752
KriArj Entertainment,6,93788.0,536935
vsr breakings,6,99683.5,915270
metromatinee.com,6,662464.5,4018174
Social Wiki,5,244054.0,1127703
Cook With Parul,5,224049.0,1658393
Crazy Talk,5,173095.0,812861
Sejal Kumar,5,119002.0,650538
Top 10 List,5,599917.0,2709226
SelenaGomezVEVO,5,11880974.0,61703693
Savera Star Talks,5,788025.0,3101099
Movie Reviews,5,332705.0,1577046
News Remind,5,1420229.0,5949349
Times Music Tamil,5,1445931.0,6676094
E Journalist,5,108159.0,524565
TotalTvNews,5,180577.0,911349
Movie Stuff,5,749605.0,3784158
Tollywood King,5,88645.0,454598
UIC Vlogs,5,96974.0,509672
DarshanRavalDZ,5,875073.0,3878178
UnErase Poetry,5,42124.0,249178
V9 Media,5,100015.0,440825
Cinema News Updates,5,91860.0,669174
Vendhar TV,5,126349.0,541685
Vox,5,920639.0,4761920
Dabba Guru,5,625493.0,2870430
NEGA NEWS,5,231965.0,1233242
Tv9 Gujarati,5,48287.0,606924
Comicbook.com,5,1089539.0,5252482
Republic World,5,1035281.0,4483318
What The Fukrey,5,147284.0,729766
Anirban Dasgupta,5,387216.0,1744761
Bornali NewsBD,5,295926.0,1318693
Auraa Cinemas,5,1268022.0,5678538
Bharatiya Janata Party,5,406141.0,1904980
Ready 2 Release,5,769480.0,3488786
CarryisLive,5,165348.0,752164
Celebrity Cricket League (CCL),5,416755.0,1970332
Bollywood Bai,5,308438.0,2063491
Bollywood Backstage,5,334927.0,1421960
PTC Punjabi,5,91747.0,538130
Bollywood Insight,5,156580.0,1873472
ALL OK,5,220061.0,1034778
ABC Television Network,5,2751740.0,11337581
AJ Official,5,465711.0,2207297
Pooja TV Telugu,5,140123.0,511914
Powerful Mantras,5,29537.0,1053133
घरेलु देसी नुस्खे Gharelu Nuskhe Hindi,5,317951.0,1606993
Asianet Movies,5,149297.0,905641
LIVE RECORDS,5,455828.0,3376778
Abhishek Pictures,5,1048288.0,4908658
Apple Hindi,5,18717.0,182678
Tamil  Page,5,934773.0,4187212
Kannada News,5,68768.0,289749
JMD FILMS & MOVIES,5,692784.0,3117065
JMS ARTS,5,6505803.0,30853850
Jake Paul,5,2825226.0,13439985
Jagbani,5,73422.0,364051
Tamil Bells,5,118192.0,733791
Kanan Gill,5,82920.0,452469
Taja30,5,113086.0,544184
Tamizhan தமிழன்,5,322120.0,1586071
Madhura Audio,5,1105697.0,5866077
Shree Cine News,5,3426609.0,16365330
Shirley Setia,5,1674402.0,6821466
Mana Nidhi,5,47089.0,253302
Filmy Duniya,5,76875.0,420330
GSTV NEWS,5,482957.0,2204576
FilmiEvents,5,464329.0,2586745
Free Ticket,5,1271852.0,5212565
Nee Yaaruda Komali ( NYK ),5,51076.0,291302
Nee Yaaruda Komali,5,33872.0,232242
National News18,5,1013830.0,5158252
Mr B,5,49059.0,378729
Tamil Serial Periyars,5,450056.0,2344569
Team Jango Space,5,132193.0,698205
Sri Ganesh Videos,5,231955.0,1356038
Sridevi Movies,5,479752.0,2120265
TG Films,5,53606.0,279952
Telugu 123,5,265448.0,1382191
Telly Tweets,5,243275.0,1168867
Serial Today Malayalam,5,385249.0,1757130
Sunny Kumar Rana,5,1313884.0,6014530
Sundeep Sharma,5,890576.0,4069381
Super Movies Adda,5,133796.0,727100
WeKnow DDJVino,4,1573734.0,5738942
Xtra Time,4,136808.5,613761
Pawan Singh Official,4,895493.0,3285340
Pal Pal News,4,261530.0,1028743
PINKVILLA,4,407223.5,2586829
Radio Sai Global Harmony,4,25733.0,100973
Pyar Lafzon Mein Kahan,4,2085510.5,8161655
BollywoodCIA,4,588378.5,2432582
iGyaan,4,166561.0,705623
Cinema Samachar,4,150384.0,510063
VIP Records,4,590548.5,2352744
Viewzone Kannada,4,109048.0,459398
CalvinHarrisVEVO,4,5582924.5,22140651
Om Namoh Narayan,4,55909.5,232695
PunjabKesari TV,4,221358.0,1106318
Pakistan Super League,4,418416.0,1849875
Parmish Verma,4,150331.5,557630
Rockline Entertainments,4,88344.0,348815
Vtv Gujarati News,4,65065.5,261027
Osm Music,4,436066.5,1601829
New Hindi Dubbed 2018 Movies,4,655190.0,2591032
My Tube Telugu,4,216941.0,705914
Saty Marg Official,4,23312.5,112697
Desi Totke - देसी टोटके,4,13479.0,56851
Sandesh News,4,102165.5,1075193
Film City,4,48121.5,193208
Top News World,4,91204.5,349589
News18Lokmat,4,287691.0,1200677
NYOOOZ UP - उत्तर प्रदेश,4,1594554.5,5008034
SAB KUCH VICHITRA,4,170038.0,655246
RunwayReel - Telugu Latest Short Films,4,113742.5,429871
NDTV India,4,73482.5,293855
Sadak Chhap,4,148842.0,674803
Top View,4,163525.0,690281
Trending News,4,61389.5,241507
Vaartha Vaani,4,43383.0,209203
Desh News,4,707189.0,2581549
CHAKRAM TALKIES,4,118138.5,473346
Cinema Muchatlu,4,147715.0,623994
Chennai Waalaa,4,425572.0,1533497
Comedy Central UK,4,307068.0,1257773
Funnett - raajnett,4,122646.5,449563
The IELTS Listening Test,4,16933.5,67981
MovieDazzles,4,131205.0,525106
Nav Bhojpuri नव भोजपुरी,4,2264156.0,8333995
Headliner Records,4,456820.0,1778113
HBO,4,3037723.0,18070821
Gyan-The Treasure,4,128301.5,486699
Get Ready,4,491875.5,1853658
GTV Videos,4,48167.0,201624
Skymet Weather,4,574369.5,2024360
Mammootty.com,4,613246.5,2320985
Majilis Media,4,44240.0,170953
Tashan yaaran Da,4,272079.5,1059141
Life Okay,4,1070238.0,4342798
Sportsvilla,4,1079995.0,4097585
Kolly Infos,4,48667.0,194042
KhilliBuzzChiru,4,72242.5,273431
Hero Movies 2018,4,986384.0,4244573
Thameens Films,4,2680783.5,10454983
Impact TV,4,30457.0,119947
Telugu Nestam,4,460624.5,1746557
Google Developers,4,1114417.0,4567705
TennisCricket.in,4,89093.5,350427
JenWin,4,103423.0,407802
Tamil Tips Chooser,4,178460.0,774724
Tamil Thimiru,4,129842.5,512702
Inside News,4,104692.5,404763
TV24 News Channel,4,387548.0,1540635
Supercell,4,267214.0,1035106
Taalboys Vision,4,311237.0,1138926
Talking Tom,4,1066814.0,4348104
TARGET with alok,4,18130.5,71018
Tamil Pokkisham,4,109323.0,498346
Janahitam TV,4,42933.5,175110
Krantikaari Indian,4,102656.0,417030
Lakshmi Narasimha Entertainments,4,223741.0,895483
Arabian Dreams Entertainment,4,194581.5,722802
Aatpat Production,4,215905.0,943487
ZeeBusiness,4,46087.5,181867
AroMal Ar,4,114504.5,466567
Political Line,4,856902.5,3139414
API Malayalam,4,598409.0,2296998
70MM Telugu Movie,4,311241.5,1102453
99TV Telugu,4,1740724.0,6978461
24 Tamil Health & Beauty,3,59616.0,169173
4G Entertainments,3,371753.0,1037593
iDream Filmnagar,3,125993.0,377267
ANI News Official,3,267292.0,769348
Amrita Television,3,53297.0,156798
ARANIndia,3,52082.0,147300
Amit Tandon,3,160362.0,490154
Bhojpuri Adda,3,38018.0,194685
Chamatkari Totke,3,1074547.0,3620388
WDN NEWS,3,397149.0,1106998
Rotana,3,607602.0,1799874
Neeru Productions,3,55616.0,150476
Rannvijay Singha,3,371956.0,1005113
Red FM Malayalam,3,136478.0,371121
Tamil 4 Health,3,229054.0,546097
Tamil Abbasi,3,158732.0,459028
IndiaGlitz Malayalam Movies Interview | Trailer | Review | Gossip | Shooting Spot | Hot News,3,69669.0,265349
Kavi Sammelan and Mushaira,3,110435.0,334053
Kavitha Uthamasamy,3,67847.0,299802
Talking Tom and Friends,3,1639893.0,4862432
Kamaal Khan Exclusive,3,434054.0,1221670
Kannada studio,3,166055.0,468792
Kantri Guyz,3,115095.0,349340
Kantriguyz - Hyderabadi Comedy Videos,3,18824.0,73538
KatyPerryVEVO,3,7842032.0,22539013
Subhradipta Garai,3,214795.0,515141
Surinder Films,3,605484.0,1401948
TAMIL KICKASS,3,82857.0,306386
CREATIVE ROOM STUDIOS,3,111307.0,311965
Vip Marathi,3,65887.0,185294
Viral News Video,3,595144.0,1708366
Viral Video News,3,39441.0,140157
BuzzFeedBlue,3,1659538.0,6199658
Classic Videos,3,309801.0,768888
VAARTHA PRAANTHAN,3,158924.0,435989
Trendswood Tv,3,290997.0,842950
DJKhaledVEVO,3,1656386.0,4717830
SVR Media,3,171129.0,446172
NH9 News,3,87369.0,226743
Namita Agrawal,3,171554.0,450711
SHN MOVIES,3,431625.0,1897763
SMI Records,3,655350.0,2049965
Trending Tamilnadu,3,64656.0,246343
News Time,3,232418.0,621286
News18 Punjab/Haryana/Himachal,3,129011.0,388094
Rozana khana in HINDI,3,833332.0,2360169
MERI MAGGI,3,531491.0,1518995
MSR TV,3,87700.0,221668
Health And Fitness,3,176140.0,515161
Jhankar Music,3,37114.0,114357
Tamil Mojo,3,215683.0,628972
Tamil Voice,3,32913.0,140916
Tea Time Cinema,3,391833.0,1164364
JOBY VAYALUNKAL,3,62274.0,156563
JSK Film Corporation,3,187686.0,544234
Jansatta,3,22006.0,70017
Fazeel Azeez,3,55521.0,153256
DrSTAR ANAND RAM,3,213299.0,716053
Dum Chai,3,150512.0,398935
Time U Time,3,101783.0,287594
Essaar Media,3,47691.0,172418
Music & Sound,3,186643.0,1157527
My Choice,3,65312.0,201323
Saregama Tamil,3,340828.0,895066
Motion Frames,3,38058.0,126489
MrGear,3,244216.0,671514
Good Morning America,3,241578.0,871917
HOWSFULL,3,128448.0,341997
Hamsa 4 U,3,210173.0,583604
Mangla Records,3,272134.0,802210
Mango News,3,163990.0,444133
SiaVEVO,3,3001208.0,8815441
Siddharth Kannan,3,539112.0,1570899
Sixty Seconds,3,1681196.0,3997679
Mirchi Chikz,3,201489.0,591712
The Bella Twins,3,864661.0,2618402
Marma Ragasiyangal,3,33189.0,139699
Telugu Media,3,143250.0,753855
Klapboard Productions,3,56277.0,160693
Machane Polichu,3,525870.0,1212613
Sony Pictures Networks Productions,3,5542231.0,15390310
Sports Blast,3,683097.0,4569161
Star Golpo,3,443939.0,1377932
BOHEMIA,3,354328.0,1036841
Poffactio,3,303747.0,823820
Brain Buzz,3,267041.0,809724
PCMC News,3,165909.0,396435
PMO India,3,52753.0,147299
PTC Motion Pictures,3,402570.0,1166517
Pavitra Talkies v 2.0,3,290123.0,900304
People TV,3,97322.0,253759
Pun Funjab,3,250777.0,726700
Punjab 24hr,3,219361.0,716093
Amara Muzik Odia,3,87622.0,227503
Zee Tv,3,1223381.0,3462438
Kumar Films,3,114214.0,424548
Prabhu Darshan Kare,3,178458.0,453813
Asha Audio,3,231383.0,588773
r entertainment,3,54277.0,176102
oranje talkies,2,223888.0,447776
3TV BANJARAA,2,56640.0,113280
Apple TV,2,71037.5,142075
Apple,2,486766.0,973532
Pranav Nagpal,2,315564.5,631129
Prabh Gill,2,144193.0,288386
Zee Telugu,2,136064.5,272129
Aishwarya Majmudar,2,316603.5,633207
Abijit Ganguly,2,183522.5,367045
Aaichya Gavat,2,443809.5,887619
Arogyam,2,78446.5,156893
Ashan Upay { आसान उपाय },2,226604.0,453208
Aap Ka Video,2,1494850.5,2989701
BhandarTV,2,96978.0,193956
Rajasthani,2,134182.5,268365
Astrology aur Vastu Gyan,2,685427.0,1370854
Batth Records,2,380968.0,761936
PetroMax Light,2,150137.0,300274
Rahim Pardesi,2,674214.5,1348429
Bollywood Ki Duniya,2,87876.5,175753
Bollywood Fuzz,2,108695.5,217391
bhaktisongs,2,84136.0,168272
BEAUTY VARSHA TV,2,141375.5,282751
Sony AATH,2,167356.5,334713
Klap Rolling,2,71853.5,143707
SriBalajiMovies,2,55705.0,111410
Moviez Adda,2,132362.5,264725
Mulakuppadam Films,2,142012.5,284025
Everest Marathi,2,73046.5,146093
JOURNALIST REPORT,2,286985.0,573970
FEEL MY STYLE,2,274793.0,549586
FIFATV,2,1179448.5,2358897
Fifty Shades,2,2726394.5,5452789
Film Companion Reviews,2,39551.5,79103
TimesOfCinema,2,151553.5,303107
Eskay Movies,2,354864.5,709729
Scherezade Shroff,2,26171.5,52343
Haani Records,2,246370.5,492741
Mera Punjab,2,112881.0,225762
Madhura Web TV,2,385705.5,771411
Mahesh Soni,2,51610.5,103221
MadridistaTV,2,921657.5,1843315
Malayalam Creations,2,40223.0,80446
Harvy Sandhu,2,261469.0,522938
Funny Vines,2,2172493.5,4344987
Shilpa Shetty Kundra,2,116842.5,233685
India News DastaK,2,63605.0,127210
Telugu Mantra,2,48662.0,97324
Thamizh Padam,2,42255.5,84511
Telugucine Buzz,2,39040.0,78080
Mantar Music,2,245663.0,491326
India Forums,2,79225.0,158450
I Love U Raja,2,73347.0,146694
High Speed Records,2,1874670.0,3749340
Monsoon Media,2,126251.0,252502
The Punjabi Tune,2,561931.5,1123863
The Comedy Factory,2,71730.0,143460
Ghar Sansar Vastu Shastra,2,84123.0,168246
Useful Tamil channel,2,190685.0,381370
Tahliwood Records,2,1492620.5,2985241
TFC News,2,30688.0,61376
T-Series Tamil,2,524538.0,1049076
Recent Tamil,2,44843.5,89687
Review Ranga,2,289967.5,579935
News 90,2,37320.0,74640
Rk Productions,2,79651.0,159302
Tamil Dubsmash,2,106598.5,213197
Indian Cinema,2,22972.0,45944
Khabar Har Pal India,2,42061.5,84123
Kannada Bhakthi Channel,2,14784.5,29569
Bhumi Entertainments,2,377782.0,755564
Youth Cinema Talent,2,139519.5,279039
lumière wedding,2,124806.0,249612
Youtube Timepass,2,404877.0,809754
#Mind Warehouse,2,1448070.5,2896141
ഖല്‍ബാണ് ലീഗ്,2,100634.0,201268
APNA INDIA,2,58921.5,117843
indiglamour,2,142842.0,285684
Wave Music - Bhakti,2,501909.0,1003818
YOYO NEWS24,2,402951.0,805902
Bollywood Bubble,2,48638.0,97276
Boldsky,2,73470.5,146941
WION,2,71746.5,143493
Whatsapp funny,2,65979.0,131958
Tamil Cini,2,128748.5,257497
WANTED TUBER,2,50720.0,101440
Noon Show,2,103298.5,206597
OneVision Telugu,2,10327.5,20655
TARANG MUSIC,2,175311.0,350622
NOIX LIFE,2,26574.0,53148
Trending Programs,2,67305.5,134611
Nari Kootam,2,53147.5,106295
U can,2,101012.0,202024
Vaaraahi Chalana Chitram,2,1304483.0,2608966
Comedy Caches,2,92158.0,184316
Breaking News Official,2,141579.0,283158
NewsTamila,2,33365.0,66730
CGTN,2,107517.0,215034
Chinnathirai Seithigal,2,68165.5,136331
VARTHA PRANTHAN,2,128748.5,257497
Unitezz Media Official,2,58155.0,116310
Cine Gossip,2,26283.0,52566
Life Teach,2,124264.5,248529
Linkin Park,2,777442.0,1554884
Living India News,2,29024.5,58049
MATCH OF THE DAY,2,494851.0,989702
Health Tips - Hakim Bari,2,357768.5,715537
News Mx Tv,2,58398.0,116796
SDI Channel,2,144023.5,288047
Rvj Productions,2,69736.0,139472
SHUBH LAABH शुभः लाभः,2,28521.5,57043
Health Care Kannada,2,62721.0,125442
Lehren Retro,2,94518.0,189036
Lehren Marathi,2,14068.0,28136
Tamilcinema Crowd,2,44364.5,88729
Tamil Rasigan,2,91504.5,183009
JYOTISH BEST UPAY,2,16482.5,32965
Kolkata24x7 News Stream,1,43480.0,43480
Top 5,1,46169.0,46169
Dj Bapon,1,49333.0,49333
Eros Now Movies Preview,1,95148.0,95148
Sakshi TV Live,1,240605.0,240605
Sangeeta Gujarati,1,64599.0,64599
Samachar Plus,1,209248.0,209248
Empty minds,1,28131.0,28131
Glamrs,1,94053.0,94053
The Food Ranger,1,287298.0,287298
Frogs Lehren,1,181117.0,181117
Filmi News,1,103783.0,103783
The Q,1,462704.0,462704
Nee Yaaruda Komali - NYK,1,43159.0,43159
Nayani Pavani,1,22206.0,22206
Muksmedia Rajasthani,1,60029.0,60029
NDN News,1,63647.0,63647
First India News,1,19584.0,19584
TeluguZ TV,1,27159.0,27159
Telugu Trending,1,40314.0,40314
Hi Speed Records,1,880532.0,880532
Hyderabad Diaries Vlogs,1,37560.0,37560
Hindi News Video,1,1601069.0,1601069
I Support Narendra Modi,1,49129.0,49129
Illumination,1,3221044.0,3221044
Google India,1,10161505.0,10161505
Malayalam Filmibeat,1,62903.0,62903
McDowell's No1 Soda,1,32408.0,32408
MeriBuggi,1,34319.0,34319
Skylark Pictures Entertainment,1,14752.0,14752
Silly Monks Tollywood,1,64528.0,64528
Mallika,1,108414.0,108414
Half Ticket Media,1,31667.0,31667
RajDeepLive,1,20813.0,20813
REPUBLIC NEWS KANNADA,1,33975.0,33975
Pakkatv,1,13443.0,13443
Parayil Media,1,60426.0,60426
Alpha Digitech,1,35641.0,35641
starjalshaindia,1,57887.0,57887
Polimer TV,1,319937.0,319937
Pooja Luthra,1,14155.0,14155
pink tech,1,21988.0,21988
All Updates,1,25318.0,25318
Aabasam News,1,71292.0,71292
Astro Shastra,1,165101.0,165101
ArkivaShqip,1,75003.0,75003
gallinews,1,36204.0,36204
Krishna Digital,1,253668.0,253668
egenius maths,1,35514.0,35514
BapaoGiri,1,31432.0,31432
BLUSH,1,31101.0,31101
BollywoodKilla,1,475587.0,475587
Boombox Music,1,785085.0,785085
Punjabi Live Shows,1,81220.0,81220
Punjab da media,1,70059.0,70059
Bollywood Sins,1,156063.0,156063
PropheC Productions,1,180197.0,180197
SpaceX,1,6401464.0,6401464
BeautyExperts,1,345458.0,345458
Knews,1,41487.0,41487
STUDY GURUJI - GS KI DUNIYA,1,38008.0,38008
Saa Music Productions,1,138750.0,138750
Life Hacks,1,347758.0,347758
TehFuriousD TV,1,1100175.0,1100175
Smart Series,1,15314.0,15314
Nigaz Records,1,69140.0,69140
COMEDY SONOTEK,1,90105.0,90105
Viral in India,1,11391.0,11391
Business Of Cinema,1,2664065.0,2664065
Cine Talkies,1,25822.0,25822
Cinecurry Malayalam,1,989817.0,989817
Ciny Samachar,1,29846.0,29846
Coldplay Official,1,181502.0,181502
Charan TV Online,1,99852.0,99852
Chennai Memes,1,106534.0,106534
Daily Poster,1,61805.0,61805
Crazy Gujjus,1,115454.0,115454
NYOOOZ TV,1,264976.0,264976
Tv9 Gujarati Live,1,2643320.0,2643320
Desi Tips hindi,1,43034.0,43034
VamosART,1,304884.0,304884
Sachin Tendulkar,1,50604.0,50604
Delhi Darpan TV,1,161233.0,161233
David Guetta,1,1234928.0,1234928
Techno Ruhez,1,100705.0,100705
Jayaraj G Nath,1,107347.0,107347
JackieMT 2nd,1,2416034.0,2416034
Tamil News World - தமிழ் செய்தி உலகம்,1,16336.0,16336
Jenny Farare,1,88358.0,88358
Jaaz Multimedia,1,130547.0,130547
MFIP,1,16137.0,16137
Trending Today,1,30460.0,30460
News VIdeo,1,7573.0,7573
SS TV TAMIL,1,94483.0,94483
STAR भारत,1,22085.0,22085
Talapatram,1,27278.0,27278
KCT News,1,351525.0,351525
Netflix India,1,22833.0,22833
RiceGum,1,3734379.0,3734379
Reporter Roy,1,11816.0,11816
Reporter Tolpar,1,255150.0,255150
Relique Records,1,60267.0,60267
Indilinks News,1,79864.0,79864
PAK MEDIA ON INDIA,1,79645.0,79645
RangeRIX,1,284657.0,284657
Indian World,1,23350.0,23350
T-Series Marathi,1,46801.0,46801
OCEAN MOVIE TALKIES,1,291136.0,291136
Kannada,1,135341.0,135341
Kerala Fans Club,1,37279.0,37279
Kannada Suddi,1,22893.0,22893
Kerala Muslim Speech,1,38192.0,38192
Wide Angle Pictures,1,11337.0,11337
Yaariyan Records,1,426596.0,426596
WowShow,1,204425.0,204425
Wrestling Reality,1,161715.0,161715
Blue Hawk Productions,1,16913.0,16913
WLive,1,81648.0,81648
Challenge Mantra,1,23023.0,23023
We Are A Sambavam : The Malayalam Comedy Channel,1,71676.0,71676
YouTube Got Talent,1,854900.0,854900
Anokhe totke,1,367797.0,367797
Anil Yadav Entertainment,1,100052.0,100052
Amrita TV Reality Shows,1,61707.0,61707
7070 sports,1,79451.0,79451
2DayCinema,1,73264.0,73264
iQlikchannel,1,17884.0,17884
জীবন-সমস্যার সমাধান,1,73191.0,73191
6TV Telangana,1,16989.0,16989
